bag,window,start_frame,speed_mps,shape,start_m,frames,visible_frames,detected,first_m,dist_err_m,frames_hit,frames_other_alarm
roundT_pressureGate_roundT,0,10,15.0,куб 0.2,90,50,49,0,,,0,1
roundT_pressureGate_roundT,0,10,15.0,куб 0.2,130,50,43,1,67.1,-0.01,2,0
roundT_pressureGate_roundT,0,10,15.0,куб 0.2,170,50,26,0,,,0,0
roundT_pressureGate_roundT,0,10,15.0,куб 0.2,220,50,5,0,,,0,0
roundT_pressureGate_roundT,0,10,15.0,куб 0.4,90,50,50,1,85.6,-0.03,34,1
roundT_pressureGate_roundT,0,10,15.0,куб 0.4,130,50,49,1,104.2,-0.05,13,1
roundT_pressureGate_roundT,0,10,15.0,куб 0.4,170,50,42,1,107.0,0.0,3,0
roundT_pressureGate_roundT,0,10,15.0,куб 0.4,220,50,20,0,,,0,0
roundT_pressureGate_roundT,0,10,15.0,куб 0.7,90,50,50,1,85.4,-0.04,35,0
roundT_pressureGate_roundT,0,10,15.0,куб 0.7,130,50,49,1,104.1,-0.02,14,1
roundT_pressureGate_roundT,0,10,15.0,куб 0.7,170,50,44,1,106.8,-0.04,4,1
roundT_pressureGate_roundT,0,10,15.0,куб 0.7,220,50,23,0,,,0,0
roundT_pressureGate_roundT,0,10,15.0,человек лежит,90,50,50,1,84.9,-0.02,33,0
roundT_pressureGate_roundT,0,10,15.0,человек лежит,130,50,49,1,114.1,-0.04,14,1
roundT_pressureGate_roundT,0,10,15.0,человек лежит,170,50,44,1,100.3,-0.03,3,0
roundT_pressureGate_roundT,0,10,15.0,человек лежит,220,50,15,0,,,0,0
roundT_pressureGate_roundT,0,10,15.0,человек стоит,90,50,50,1,86.9,-0.03,37,0
roundT_pressureGate_roundT,0,10,15.0,человек стоит,130,50,49,1,126.9,-0.01,20,0
roundT_pressureGate_roundT,0,10,15.0,человек стоит,170,50,42,1,106.9,-0.03,4,1
roundT_pressureGate_roundT,0,10,15.0,человек стоит,220,50,20,0,,,0,0
roundT_squareT_pressureGate_squareT,0,48,11.5,куб 0.2,90,50,50,0,,,0,0
roundT_squareT_pressureGate_squareT,0,48,11.5,куб 0.2,130,50,41,0,,,0,0
roundT_squareT_pressureGate_squareT,0,48,11.5,куб 0.2,170,50,30,0,,,0,0
roundT_squareT_pressureGate_squareT,0,48,11.5,куб 0.2,220,50,13,0,,,0,0
roundT_squareT_pressureGate_squareT,0,48,11.5,куб 0.4,90,50,50,1,87.2,-0.03,48,0
roundT_squareT_pressureGate_squareT,0,48,11.5,куб 0.4,130,50,50,1,91.1,-0.03,8,0
roundT_squareT_pressureGate_squareT,0,48,11.5,куб 0.4,170,50,50,0,,,0,0
roundT_squareT_pressureGate_squareT,0,48,11.5,куб 0.4,220,50,48,0,,,0,0
roundT_squareT_pressureGate_squareT,0,48,11.5,куб 0.7,90,50,50,1,87.0,-0.04,48,0
roundT_squareT_pressureGate_squareT,0,48,11.5,куб 0.7,130,50,50,1,99.0,-0.05,10,0
roundT_squareT_pressureGate_squareT,0,48,11.5,куб 0.7,170,50,50,1,119.5,-0.04,1,0
roundT_squareT_pressureGate_squareT,0,48,11.5,куб 0.7,220,50,50,0,,,0,0
roundT_squareT_pressureGate_squareT,0,48,11.5,человек лежит,90,50,50,1,83.8,-0.05,44,0
roundT_squareT_pressureGate_squareT,0,48,11.5,человек лежит,130,50,49,1,87.5,-0.02,6,0
roundT_squareT_pressureGate_squareT,0,48,11.5,человек лежит,170,50,45,0,,,0,0
roundT_squareT_pressureGate_squareT,0,48,11.5,человек лежит,220,50,40,0,,,0,0
roundT_squareT_pressureGate_squareT,0,48,11.5,человек стоит,90,50,50,1,87.1,-0.03,48,0
roundT_squareT_pressureGate_squareT,0,48,11.5,человек стоит,130,50,50,1,99.1,-0.01,11,0
roundT_squareT_pressureGate_squareT,0,48,11.5,человек стоит,170,50,50,1,119.6,-0.04,1,0
roundT_squareT_pressureGate_squareT,0,48,11.5,человек стоит,220,50,50,0,,,0,0
roundT_squareT_pressureGate_squareT,1,148,9.8,куб 0.2,90,50,49,0,,,0,0
roundT_squareT_pressureGate_squareT,1,148,9.8,куб 0.2,130,50,47,0,,,0,1
roundT_squareT_pressureGate_squareT,1,148,9.8,куб 0.2,170,50,33,0,,,0,0
roundT_squareT_pressureGate_squareT,1,148,9.8,куб 0.2,220,50,13,0,,,0,0
roundT_squareT_pressureGate_squareT,1,148,9.8,куб 0.4,90,50,50,1,77.2,-0.05,40,0
roundT_squareT_pressureGate_squareT,1,148,9.8,куб 0.4,130,50,50,1,97.1,-0.02,9,1
roundT_squareT_pressureGate_squareT,1,148,9.8,куб 0.4,170,50,50,1,123.4,-0.03,1,0
roundT_squareT_pressureGate_squareT,1,148,9.8,куб 0.4,220,50,46,0,,,0,0
roundT_squareT_pressureGate_squareT,1,148,9.8,куб 0.7,90,50,50,1,77.8,-0.04,41,0
roundT_squareT_pressureGate_squareT,1,148,9.8,куб 0.7,130,50,50,1,109.7,-0.02,32,1
roundT_squareT_pressureGate_squareT,1,148,9.8,куб 0.7,170,50,50,1,125.5,-0.03,6,0
roundT_squareT_pressureGate_squareT,1,148,9.8,куб 0.7,220,50,50,0,,,0,0
roundT_squareT_pressureGate_squareT,1,148,9.8,человек лежит,90,50,50,1,74.7,-0.04,34,0
roundT_squareT_pressureGate_squareT,1,148,9.8,человек лежит,130,50,50,1,89.2,0.7,9,2
roundT_squareT_pressureGate_squareT,1,148,9.8,человек лежит,170,50,50,1,123.9,-0.01,1,0
roundT_squareT_pressureGate_squareT,1,148,9.8,человек лежит,220,50,34,0,,,0,0
roundT_squareT_pressureGate_squareT,1,148,9.8,человек стоит,90,50,50,1,77.9,-0.03,41,0
roundT_squareT_pressureGate_squareT,1,148,9.8,человек стоит,130,50,50,1,117.1,-0.02,32,0
roundT_squareT_pressureGate_squareT,1,148,9.8,человек стоит,170,50,50,1,130.9,0.01,7,0
roundT_squareT_pressureGate_squareT,1,148,9.8,человек стоит,220,50,48,0,,,0,0
roundT_squareT_pressureGate_squareT,2,248,14.6,куб 0.2,90,50,49,0,,,0,1
roundT_squareT_pressureGate_squareT,2,248,14.6,куб 0.2,130,50,43,0,,,0,1
roundT_squareT_pressureGate_squareT,2,248,14.6,куб 0.2,170,50,26,0,,,0,1
roundT_squareT_pressureGate_squareT,2,248,14.6,куб 0.2,220,50,8,0,,,0,1
roundT_squareT_pressureGate_squareT,2,248,14.6,куб 0.4,90,50,50,1,85.8,-0.01,36,0
roundT_squareT_pressureGate_squareT,2,248,14.6,куб 0.4,130,50,49,1,111.4,-0.01,26,1
roundT_squareT_pressureGate_squareT,2,248,14.6,куб 0.4,170,50,48,1,113.0,-0.01,1,1
roundT_squareT_pressureGate_squareT,2,248,14.6,куб 0.4,220,50,18,0,,,0,1
roundT_squareT_pressureGate_squareT,2,248,14.6,куб 0.7,90,50,50,1,85.6,-0.03,35,0
roundT_squareT_pressureGate_squareT,2,248,14.6,куб 0.7,130,50,49,1,114.4,-0.04,26,2
roundT_squareT_pressureGate_squareT,2,248,14.6,куб 0.7,170,50,49,1,112.9,-0.06,3,0
roundT_squareT_pressureGate_squareT,2,248,14.6,куб 0.7,220,50,22,0,,,0,1
roundT_squareT_pressureGate_squareT,2,248,14.6,человек лежит,90,50,50,1,80.7,-0.05,33,1
roundT_squareT_pressureGate_squareT,2,248,14.6,человек лежит,130,50,49,1,109.3,-0.0,20,1
roundT_squareT_pressureGate_squareT,2,248,14.6,человек лежит,170,50,43,1,112.4,-0.03,3,1
roundT_squareT_pressureGate_squareT,2,248,14.6,человек лежит,220,50,16,0,,,0,1
roundT_squareT_pressureGate_squareT,2,248,14.6,человек стоит,90,50,50,1,85.7,-0.03,36,0
roundT_squareT_pressureGate_squareT,2,248,14.6,человек стоит,130,50,49,1,114.5,-0.03,30,0
roundT_squareT_pressureGate_squareT,2,248,14.6,человек стоит,170,50,49,1,113.0,-0.04,3,1
roundT_squareT_pressureGate_squareT,2,248,14.6,человек стоит,220,50,16,0,,,0,1
squareT_platform_squareT_switch,0,11,13.5,куб 0.2,90,50,47,0,,,0,0
squareT_platform_squareT_switch,0,11,13.5,куб 0.2,130,50,42,1,68.1,-0.03,2,0
squareT_platform_squareT_switch,0,11,13.5,куб 0.2,170,50,30,0,,,0,0
squareT_platform_squareT_switch,0,11,13.5,куб 0.2,220,50,12,0,,,0,0
squareT_platform_squareT_switch,0,11,13.5,куб 0.4,90,50,50,1,86.0,-0.03,41,0
squareT_platform_squareT_switch,0,11,13.5,куб 0.4,130,50,50,1,86.0,-0.02,14,0
squareT_platform_squareT_switch,0,11,13.5,куб 0.4,170,50,48,0,,,0,0
squareT_platform_squareT_switch,0,11,13.5,куб 0.4,220,50,40,0,,,0,0
squareT_platform_squareT_switch,0,11,13.5,куб 0.7,90,50,50,1,87.2,-0.04,48,0
squareT_platform_squareT_switch,0,11,13.5,куб 0.7,130,50,50,1,85.9,-0.06,16,0
squareT_platform_squareT_switch,0,11,13.5,куб 0.7,170,50,50,0,,,0,0
squareT_platform_squareT_switch,0,11,13.5,куб 0.7,220,50,50,0,,,0,0
squareT_platform_squareT_switch,0,11,13.5,человек лежит,90,50,50,1,86.7,-0.04,34,0
squareT_platform_squareT_switch,0,11,13.5,человек лежит,130,50,50,1,85.4,0.01,12,0
squareT_platform_squareT_switch,0,11,13.5,человек лежит,170,50,46,0,,,0,0
squareT_platform_squareT_switch,0,11,13.5,человек лежит,220,50,28,0,,,0,0
squareT_platform_squareT_switch,0,11,13.5,человек стоит,90,50,50,1,87.3,-0.05,48,0
squareT_platform_squareT_switch,0,11,13.5,человек стоит,130,50,50,1,91.5,-0.03,17,0
squareT_platform_squareT_switch,0,11,13.5,человек стоит,170,50,50,1,110.6,-0.01,1,0
squareT_platform_squareT_switch,0,11,13.5,человек стоит,220,50,50,0,,,0,0
squareT_platform_squareT_switch,1,799,10.2,куб 0.2,90,50,49,0,,,0,3
squareT_platform_squareT_switch,1,799,10.2,куб 0.2,130,50,46,0,,,0,2
squareT_platform_squareT_switch,1,799,10.2,куб 0.2,170,50,27,1,129.2,-2.25,2,0
squareT_platform_squareT_switch,1,799,10.2,куб 0.2,220,50,7,0,,,0,2
squareT_platform_squareT_switch,1,799,10.2,куб 0.4,90,50,50,1,86.4,-0.03,43,2
squareT_platform_squareT_switch,1,799,10.2,куб 0.4,130,50,50,1,122.0,-0.02,22,2
squareT_platform_squareT_switch,1,799,10.2,куб 0.4,170,50,50,1,129.1,-2.15,2,5
squareT_platform_squareT_switch,1,799,10.2,куб 0.4,220,50,40,0,,,0,2
squareT_platform_squareT_switch,1,799,10.2,куб 0.7,90,50,50,1,88.0,-0.03,48,1
squareT_platform_squareT_switch,1,799,10.2,куб 0.7,130,50,50,1,128.0,-0.01,29,4
squareT_platform_squareT_switch,1,799,10.2,куб 0.7,170,50,50,1,131.1,-1.75,3,6
squareT_platform_squareT_switch,1,799,10.2,куб 0.7,220,50,47,0,,,0,4
squareT_platform_squareT_switch,1,799,10.2,человек лежит,90,50,50,1,86.6,-0.04,39,1
squareT_platform_squareT_switch,1,799,10.2,человек лежит,130,50,49,1,111.0,-0.04,9,2
squareT_platform_squareT_switch,1,799,10.2,человек лежит,170,50,44,1,130.6,-0.03,3,3
squareT_platform_squareT_switch,1,799,10.2,человек лежит,220,50,29,0,,,0,2
squareT_platform_squareT_switch,1,799,10.2,человек стоит,90,50,50,1,88.1,-0.03,48,2
squareT_platform_squareT_switch,1,799,10.2,человек стоит,130,50,50,1,128.1,-0.04,38,3
squareT_platform_squareT_switch,1,799,10.2,человек стоит,170,50,50,1,136.9,-0.01,8,3
squareT_platform_squareT_switch,1,799,10.2,человек стоит,220,50,46,0,,,0,4
